{"cameraMode":{"drawMode":0,"name":"Shaded","section":"Shading Mode"},"sceneLighting":true,"audioPlay":false,"sceneViewState":{"m_AlwaysRefresh":false,"showFog":true,"showSkybox":true,"showFlares":true,"showImageEffects":true,"showParticleSystems":true,"showVisualEffectGraphs":true,"m_FxEnabled":true},"in2DMode":false,"pivot":{"x":23.569746017456056,"y":52.252628326416019,"z":18.108596801757814},"rotation":{"x":0.03746701031923294,"y":0.035966936498880389,"z":-0.00134939921554178,"w":0.9986512064933777},"size":76.5057601928711,"orthographic":false}