{"cameraMode":{"drawMode":0,"name":"Shaded","section":"Shading Mode"},"sceneLighting":true,"audioPlay":false,"sceneViewState":{"m_AlwaysRefresh":false,"showFog":true,"showSkybox":true,"showFlares":true,"showImageEffects":true,"showParticleSystems":true,"showVisualEffectGraphs":true,"m_FxEnabled":true},"in2DMode":false,"pivot":{"x":-0.2772020697593689,"y":1.6594502925872803,"z":0.14497065544128419},"rotation":{"x":0.03746701031923294,"y":0.035966936498880389,"z":-0.00134939921554178,"w":0.9986512064933777},"size":1.4660253524780274,"orthographic":false}